<?xml version="1.0" encoding="UTF-8"?>
<project-private xmlns="http://www.netbeans.org/ns/project-private/1">
    <editor-bookmarks xmlns="http://www.netbeans.org/ns/editor-bookmarks/2" lastBookmarkId="0"/>
    <open-files xmlns="http://www.netbeans.org/ns/projectui-open-files/2">
        <group>
            <file>file:/C:/xampp/htdocs/yii.local/submit.php</file>
            <file>file:/C:/xampp/htdocs/yii.local/connect.php</file>
            <file>file:/C:/xampp/htdocs/yii.local/comment.class.php</file>
            <file>file:/C:/xampp/htdocs/yii.local/1.php</file>
            <file>file:/C:/xampp/htdocs/yii.local/demo.php</file>
            <file>file:/C:/xampp/htdocs/yii.local/script.js</file>
        </group>
    </open-files>
</project-private>
