<?xml version="1.0" encoding="UTF-8"?>
<project-private xmlns="http://www.netbeans.org/ns/project-private/1">
    <editor-bookmarks xmlns="http://www.netbeans.org/ns/editor-bookmarks/2" lastBookmarkId="0"/>
    <open-files xmlns="http://www.netbeans.org/ns/projectui-open-files/2">
        <group>
            <file>file:/C:/xampp/htdocs/cms.local/application/Base.php</file>
            <file>file:/C:/xampp/htdocs/cms.local/application/controllers/MainController.php</file>
            <file>file:/C:/xampp/htdocs/cms.local/application/core/URL.php</file>
            <file>file:/C:/xampp/htdocs/cms.local/application/core/View.php</file>
            <file>file:/C:/xampp/htdocs/cms.local/application/controllers/ContactsController.php</file>
            <file>file:/C:/xampp/htdocs/cms.local/index.php</file>
        </group>
    </open-files>
</project-private>
